<application>
  <component name="FileTypeManager" version="19">
    <extensionMap>
      <mapping ext="swift-format" type="JSON" />
      <mapping ext="plantuml" type="PlantUML file" />
      <mapping ext="xcscheme" type="XML" />
      <mapping ext="gpx" type="XML" />
      <removed_mapping ext="apk" approved="true" type="ARCHIVE" />
      <removed_mapping ext="dockerignore" approved="true" type="DockerIgnore file" />
      <removed_mapping ext="ignore" approved="true" type="IgnoreLang file" />
      <removed_mapping ext="psd" approved="true" type="Image" />
    </extensionMap>
  </component>
</application>