<application>
  <component name="NodeJsLocalInterpreterManager">
    <local-interpreter path="$USER_HOME$/homebrew/bin/node" />
    <local-interpreter path="$USER_HOME$/.nvm/versions/node/v22.14.0/bin/node">
      <version-cache version="22.14.0" last-modified="1739234737000" />
    </local-interpreter>
    <local-interpreter path="$USER_HOME$/.nvm/versions/node/v20.18.1/bin/node">
      <version-cache version="20.18.1" last-modified="1732098655000" />
    </local-interpreter>
  </component>
</application>