<application>
  <component name="ProjectManager">
    <defaultProject>
      <component name="Git.Settings">
        <option name="UPDATE_TYPE" value="REBASE" />
      </component>
      <component name="ProjectInspectionProfilesVisibleTreeState">
        <entry key="Project Default">
          <profile-state>
            <expanded-state>
              <State>
                <id>Android Lint: Interoperability</id>
              </State>
              <State>
                <id>EditorConfig</id>
              </State>
              <State>
                <id>GitHub actions</id>
              </State>
              <State>
                <id>GitLab CI/CD</id>
              </State>
              <State>
                <id>Version control</id>
              </State>
            </expanded-state>
            <selected-state>
              <State>
                <id>User defined</id>
              </State>
            </selected-state>
          </profile-state>
        </entry>
      </component>
      <component name="ProjectLevelVcsManager">
        <ConfirmationsSetting value="2" id="Add" />
        <ConfirmationsSetting value="2" id="Remove" />
      </component>
      <component name="PropertiesComponent"><![CDATA[{
  "keyToString": {
    "settings.editor.selected.configurable": "project.propVCSSupport.Confirmation"
  }
}]]></component>
      <component name="TaskManager">
        <task active="true" id="Default" summary="Default task">
          <created>1756581508230</created>
          <option name="number" value="Default" />
          <option name="presentableId" value="Default" />
          <updated>1756581508230</updated>
        </task>
        <servers />
      </component>
      <component name="VcsManagerConfiguration">
        <option name="ADD_EXTERNAL_FILES_SILENTLY" value="true" />
      </component>
      <component name="WindowStateProjectService">
        <state x="226" y="99" key="SettingsEditor" timestamp="1756581695230">
          <screen x="0" y="0" width="1440" height="900" />
        </state>
        <state x="226" y="99" key="SettingsEditor/0.0.1440.900" timestamp="1756581695230" />
      </component>
    </defaultProject>
  </component>
</application>