<application>
  <component name="Trusted.Paths">
    <option name="TRUSTED_PROJECT_PATHS">
      <map>
        <entry key="$APPLICATION_CONFIG_DIR$/projects/414931aa80872d17690118bdc8e0ce08940642cd" value="true" />
        <entry key="$USER_HOME$/Projects/BBA/bba-dashboard" value="true" />
        <entry key="$USER_HOME$/Projects/DAL/dal-023-app-connector" value="true" />
        <entry key="$USER_HOME$/Projects/Dvelop/dvelop-009-erv-app" value="true" />
        <entry key="$USER_HOME$/Projects/Tepper/tepper-022-optimizer-service" value="true" />
        <entry key="$USER_HOME$/Projects/Tepper/tepper-022-wartungsplanung" value="true" />
        <entry key="$USER_HOME$/Projects/Uhlenbrock/CaptureManagerSDK-JavaDemos" value="true" />
        <entry key="$USER_HOME$/Projects/Uhlenbrock/uhlenbrock-020-poc-kanalreiniger" value="true" />
        <entry key="$USER_HOME$/Projects/adapt-oidc-component" value="true" />
        <entry key="$USER_HOME$/Projects/common-sftp" value="true" />
        <entry key="$USER_HOME$/Projects/common/Functional Programming" value="true" />
        <entry key="$USER_HOME$/Projects/common/Infrastructure" value="true" />
        <entry key="$USER_HOME$/Projects/common/common-googlecloud-moco-sync" value="true" />
        <entry key="$USER_HOME$/Projects/common/common-n8n" value="true" />
        <entry key="$USER_HOME$/Projects/common/nuxt-test" value="true" />
        <entry key="$USER_HOME$/Projects/krebs-024-app-connector" value="true" />
        <entry key="$USER_HOME$/Projects/spitzenreiter-025-app" value="true" />
      </map>
    </option>
  </component>
  <component name="Trusted.Paths.Settings">
    <option name="TRUSTED_PATHS">
      <list>
        <option value="$USER_HOME$/Projects/Tepper" />
        <option value="$USER_HOME$/Projects/common" />
        <option value="$USER_HOME$/Projects/DAL" />
        <option value="$USER_HOME$/Projects/Uhlenbrock" />
        <option value="$USER_HOME$/Projects/Dvelop" />
        <option value="$USER_HOME$/Projects" />
      </list>
    </option>
  </component>
</application>