<application>
  <component name="DimensionService">
    <location key="find.popup.0.0.5120.2880@192dpi" x="2088" y="228" />
    <location key="find.popup.-5120.0.5120.2880@192dpi" x="-3032" y="230" />
    <location key="find.popup.0.0.2560.1440" x="1044" y="115" />
    <location key="find.popup.0.0.2880.1800@192dpi" x="1174" y="142" />
    <location key="find.popup.-656.-1440.2560.1440" x="388" y="-1325" />
    <location key="find.popup.0.0.5120.2880@288dpi" x="1838" y="230" />
    <location key="find.popup.1440.0.3840.1080" x="3005" y="86" />
    <location key="find.popup.-2560.-1159.2560.1440" x="-1516" y="-1045" />
    <size key="GridCell.Tab.0.left.0.0.5120.2880@192dpi" width="4956" height="948" />
    <size key="GridCell.Tab.0.center.0.0.5120.2880@192dpi" width="4956" height="948" />
    <size key="GridCell.Tab.0.right.0.0.5120.2880@192dpi" width="4956" height="948" />
    <size key="GridCell.Tab.0.bottom.0.0.5120.2880@192dpi" width="4956" height="948" />
    <size key="GridCell.Tab.1.left.0.0.5120.2880@192dpi" width="4956" height="948" />
    <size key="GridCell.Tab.1.center.0.0.5120.2880@192dpi" width="4956" height="948" />
    <size key="GridCell.Tab.1.right.0.0.5120.2880@192dpi" width="4956" height="948" />
    <size key="GridCell.Tab.1.bottom.0.0.5120.2880@192dpi" width="4956" height="948" />
    <size key="GridCell.Tab.2.left.0.0.5120.2880@192dpi" width="4956" height="948" />
    <size key="GridCell.Tab.2.center.0.0.5120.2880@192dpi" width="4956" height="948" />
    <size key="GridCell.Tab.2.right.0.0.5120.2880@192dpi" width="4956" height="948" />
    <size key="GridCell.Tab.2.bottom.0.0.5120.2880@192dpi" width="4956" height="948" />
    <size key="GridCell.Tab.3.left.0.0.5120.2880@192dpi" width="4956" height="948" />
    <size key="GridCell.Tab.3.center.0.0.5120.2880@192dpi" width="4956" height="948" />
    <size key="GridCell.Tab.3.right.0.0.5120.2880@192dpi" width="4956" height="948" />
    <size key="GridCell.Tab.3.bottom.0.0.5120.2880@192dpi" width="4956" height="948" />
    <size key="find.popup.0.0.5120.2880@192dpi" width="2696" height="1728" />
    <size key="find.popup.-5120.0.5120.2880@192dpi" width="1286" height="1620" />
    <size key="find.popup.0.0.2560.1440" width="643" height="810" />
    <size key="GridCell.Tab.0.left.0.0.2560.1440" width="2478" height="433" />
    <size key="GridCell.Tab.0.center.0.0.2560.1440" width="2478" height="433" />
    <size key="GridCell.Tab.0.right.0.0.2560.1440" width="2478" height="433" />
    <size key="GridCell.Tab.0.bottom.0.0.2560.1440" width="2478" height="433" />
    <size key="GridCell.Tab.1.left.0.0.2560.1440" width="2478" height="433" />
    <size key="GridCell.Tab.1.center.0.0.2560.1440" width="2478" height="433" />
    <size key="GridCell.Tab.1.right.0.0.2560.1440" width="2478" height="433" />
    <size key="GridCell.Tab.1.bottom.0.0.2560.1440" width="2478" height="433" />
    <size key="GridCell.Tab.2.left.0.0.2560.1440" width="2478" height="433" />
    <size key="GridCell.Tab.2.center.0.0.2560.1440" width="2478" height="433" />
    <size key="GridCell.Tab.2.right.0.0.2560.1440" width="2478" height="433" />
    <size key="GridCell.Tab.2.bottom.0.0.2560.1440" width="2478" height="433" />
    <size key="GridCell.Tab.3.left.0.0.2560.1440" width="2478" height="433" />
    <size key="GridCell.Tab.3.center.0.0.2560.1440" width="2478" height="433" />
    <size key="GridCell.Tab.3.right.0.0.2560.1440" width="2478" height="433" />
    <size key="GridCell.Tab.3.bottom.0.0.2560.1440" width="2478" height="433" />
    <size key="find.popup.0.0.2880.1800@192dpi" width="1516" height="1080" />
    <size key="GridCell.Tab.4.left.0.0.2560.1440" width="2031" height="507" />
    <size key="GridCell.Tab.4.center.0.0.2560.1440" width="2031" height="507" />
    <size key="GridCell.Tab.4.right.0.0.2560.1440" width="2031" height="507" />
    <size key="GridCell.Tab.4.bottom.0.0.2560.1440" width="2031" height="507" />
    <size key="GridCell.Tab.4.left.0.0.5120.2880@192dpi" width="4956" height="866" />
    <size key="GridCell.Tab.4.center.0.0.5120.2880@192dpi" width="4956" height="866" />
    <size key="GridCell.Tab.4.right.0.0.5120.2880@192dpi" width="4956" height="866" />
    <size key="GridCell.Tab.4.bottom.0.0.5120.2880@192dpi" width="4956" height="866" />
    <size key="GridCell.Tab.5.left.0.0.5120.2880@192dpi" width="4062" height="1014" />
    <size key="GridCell.Tab.5.center.0.0.5120.2880@192dpi" width="4062" height="1014" />
    <size key="GridCell.Tab.5.right.0.0.5120.2880@192dpi" width="4062" height="1014" />
    <size key="GridCell.Tab.5.bottom.0.0.5120.2880@192dpi" width="4062" height="1014" />
    <size key="GridCell.Tab.0.left.-5120.0.5120.2880@192dpi" width="4062" height="942" />
    <size key="GridCell.Tab.0.center.-5120.0.5120.2880@192dpi" width="4062" height="942" />
    <size key="GridCell.Tab.0.right.-5120.0.5120.2880@192dpi" width="4062" height="942" />
    <size key="GridCell.Tab.0.bottom.-5120.0.5120.2880@192dpi" width="4062" height="942" />
    <size key="GridCell.Tab.1.left.-5120.0.5120.2880@192dpi" width="4062" height="942" />
    <size key="GridCell.Tab.1.center.-5120.0.5120.2880@192dpi" width="4062" height="942" />
    <size key="GridCell.Tab.1.right.-5120.0.5120.2880@192dpi" width="4062" height="942" />
    <size key="GridCell.Tab.1.bottom.-5120.0.5120.2880@192dpi" width="4062" height="942" />
    <size key="GridCell.Tab.2.left.-5120.0.5120.2880@192dpi" width="4062" height="942" />
    <size key="GridCell.Tab.2.center.-5120.0.5120.2880@192dpi" width="4062" height="942" />
    <size key="GridCell.Tab.2.right.-5120.0.5120.2880@192dpi" width="4062" height="942" />
    <size key="GridCell.Tab.2.bottom.-5120.0.5120.2880@192dpi" width="4062" height="942" />
    <size key="GridCell.Tab.3.left.-5120.0.5120.2880@192dpi" width="4062" height="942" />
    <size key="GridCell.Tab.3.center.-5120.0.5120.2880@192dpi" width="4062" height="942" />
    <size key="GridCell.Tab.3.right.-5120.0.5120.2880@192dpi" width="4062" height="942" />
    <size key="GridCell.Tab.3.bottom.-5120.0.5120.2880@192dpi" width="4062" height="942" />
    <size key="GridCell.Tab.4.left.-5120.0.5120.2880@192dpi" width="4062" height="942" />
    <size key="GridCell.Tab.4.center.-5120.0.5120.2880@192dpi" width="4062" height="942" />
    <size key="GridCell.Tab.4.right.-5120.0.5120.2880@192dpi" width="4062" height="942" />
    <size key="GridCell.Tab.4.bottom.-5120.0.5120.2880@192dpi" width="4062" height="942" />
    <size key="GridCell.Tab.5.left.-5120.0.5120.2880@192dpi" width="4062" height="942" />
    <size key="GridCell.Tab.5.center.-5120.0.5120.2880@192dpi" width="4062" height="942" />
    <size key="GridCell.Tab.5.right.-5120.0.5120.2880@192dpi" width="4062" height="942" />
    <size key="GridCell.Tab.5.bottom.-5120.0.5120.2880@192dpi" width="4062" height="942" />
    <size key="GridCell.Tab.5.left.0.0.2560.1440" width="2031" height="507" />
    <size key="GridCell.Tab.5.center.0.0.2560.1440" width="2031" height="507" />
    <size key="GridCell.Tab.5.right.0.0.2560.1440" width="2031" height="507" />
    <size key="GridCell.Tab.5.bottom.0.0.2560.1440" width="2031" height="507" />
    <size key="find.popup.-656.-1440.2560.1440" width="815" height="652" />
    <size key="GridCell.Tab.0.left.-1920.54.1920.1080" width="1506" height="451" />
    <size key="GridCell.Tab.0.center.-1920.54.1920.1080" width="1506" height="451" />
    <size key="GridCell.Tab.0.right.-1920.54.1920.1080" width="1506" height="451" />
    <size key="GridCell.Tab.0.bottom.-1920.54.1920.1080" width="1506" height="451" />
    <size key="GridCell.Tab.1.left.-1920.54.1920.1080" width="1506" height="451" />
    <size key="GridCell.Tab.1.center.-1920.54.1920.1080" width="1506" height="451" />
    <size key="GridCell.Tab.1.right.-1920.54.1920.1080" width="1506" height="451" />
    <size key="GridCell.Tab.1.bottom.-1920.54.1920.1080" width="1506" height="451" />
    <size key="GridCell.Tab.2.left.-1920.54.1920.1080" width="1506" height="451" />
    <size key="GridCell.Tab.2.center.-1920.54.1920.1080" width="1506" height="451" />
    <size key="GridCell.Tab.2.right.-1920.54.1920.1080" width="1506" height="451" />
    <size key="GridCell.Tab.2.bottom.-1920.54.1920.1080" width="1506" height="451" />
    <size key="GridCell.Tab.3.left.-1920.54.1920.1080" width="1506" height="451" />
    <size key="GridCell.Tab.3.center.-1920.54.1920.1080" width="1506" height="451" />
    <size key="GridCell.Tab.3.right.-1920.54.1920.1080" width="1506" height="451" />
    <size key="GridCell.Tab.3.bottom.-1920.54.1920.1080" width="1506" height="451" />
    <size key="GridCell.Tab.4.left.-1920.54.1920.1080" width="1506" height="451" />
    <size key="GridCell.Tab.4.center.-1920.54.1920.1080" width="1506" height="451" />
    <size key="GridCell.Tab.4.right.-1920.54.1920.1080" width="1506" height="451" />
    <size key="GridCell.Tab.4.bottom.-1920.54.1920.1080" width="1506" height="451" />
    <size key="GridCell.Tab.0.left.0.0.5120.2880@288dpi" width="4872" height="726" />
    <size key="GridCell.Tab.0.center.0.0.5120.2880@288dpi" width="4872" height="726" />
    <size key="GridCell.Tab.0.right.0.0.5120.2880@288dpi" width="4872" height="726" />
    <size key="GridCell.Tab.0.bottom.0.0.5120.2880@288dpi" width="4872" height="726" />
    <size key="find.popup.0.0.5120.2880@288dpi" width="1978" height="2412" />
    <size key="GridCell.Tab.0.left.0.0.2880.1800@192dpi" width="2716" height="560" />
    <size key="GridCell.Tab.0.center.0.0.2880.1800@192dpi" width="2716" height="560" />
    <size key="GridCell.Tab.0.right.0.0.2880.1800@192dpi" width="2716" height="560" />
    <size key="GridCell.Tab.0.bottom.0.0.2880.1800@192dpi" width="2716" height="560" />
    <size key="GridCell.Tab.1.left.0.0.2880.1800@192dpi" width="2716" height="510" />
    <size key="GridCell.Tab.1.center.0.0.2880.1800@192dpi" width="2716" height="510" />
    <size key="GridCell.Tab.1.right.0.0.2880.1800@192dpi" width="2716" height="510" />
    <size key="GridCell.Tab.1.bottom.0.0.2880.1800@192dpi" width="2716" height="510" />
    <size key="GridCell.Tab.2.left.0.0.2880.1800@192dpi" width="2716" height="510" />
    <size key="GridCell.Tab.2.center.0.0.2880.1800@192dpi" width="2716" height="510" />
    <size key="GridCell.Tab.2.right.0.0.2880.1800@192dpi" width="2716" height="510" />
    <size key="GridCell.Tab.2.bottom.0.0.2880.1800@192dpi" width="2716" height="510" />
    <size key="GridCell.Tab.3.left.0.0.2880.1800@192dpi" width="2716" height="510" />
    <size key="GridCell.Tab.3.center.0.0.2880.1800@192dpi" width="2716" height="510" />
    <size key="GridCell.Tab.3.right.0.0.2880.1800@192dpi" width="2716" height="510" />
    <size key="GridCell.Tab.3.bottom.0.0.2880.1800@192dpi" width="2716" height="510" />
    <size key="GridCell.Tab.4.left.0.0.2880.1800@192dpi" width="2716" height="510" />
    <size key="GridCell.Tab.4.center.0.0.2880.1800@192dpi" width="2716" height="510" />
    <size key="GridCell.Tab.4.right.0.0.2880.1800@192dpi" width="2716" height="510" />
    <size key="GridCell.Tab.4.bottom.0.0.2880.1800@192dpi" width="2716" height="510" />
    <size key="GridCell.Tab.5.left.0.0.2880.1800@192dpi" width="2716" height="712" />
    <size key="GridCell.Tab.5.center.0.0.2880.1800@192dpi" width="2716" height="712" />
    <size key="GridCell.Tab.5.right.0.0.2880.1800@192dpi" width="2716" height="712" />
    <size key="GridCell.Tab.5.bottom.0.0.2880.1800@192dpi" width="2716" height="712" />
    <size key="find.popup.1440.0.3840.1080" width="2075" height="648" />
    <size key="GridCell.Tab.0.left.-2560.-1159.2560.1440" width="2478" height="517" />
    <size key="GridCell.Tab.0.center.-2560.-1159.2560.1440" width="2478" height="517" />
    <size key="GridCell.Tab.0.right.-2560.-1159.2560.1440" width="2478" height="517" />
    <size key="GridCell.Tab.0.bottom.-2560.-1159.2560.1440" width="2478" height="517" />
    <size key="GridCell.Tab.1.left.-2560.-1159.2560.1440" width="2478" height="474" />
    <size key="GridCell.Tab.1.center.-2560.-1159.2560.1440" width="2478" height="474" />
    <size key="GridCell.Tab.1.right.-2560.-1159.2560.1440" width="2478" height="474" />
    <size key="GridCell.Tab.1.bottom.-2560.-1159.2560.1440" width="2478" height="474" />
    <size key="GridCell.Tab.2.left.-2560.-1159.2560.1440" width="2478" height="474" />
    <size key="GridCell.Tab.2.center.-2560.-1159.2560.1440" width="2478" height="474" />
    <size key="GridCell.Tab.2.right.-2560.-1159.2560.1440" width="2478" height="474" />
    <size key="GridCell.Tab.2.bottom.-2560.-1159.2560.1440" width="2478" height="474" />
    <size key="GridCell.Tab.3.left.-2560.-1159.2560.1440" width="2478" height="474" />
    <size key="GridCell.Tab.3.center.-2560.-1159.2560.1440" width="2478" height="474" />
    <size key="GridCell.Tab.3.right.-2560.-1159.2560.1440" width="2478" height="474" />
    <size key="GridCell.Tab.3.bottom.-2560.-1159.2560.1440" width="2478" height="474" />
    <size key="find.popup.-2560.-1159.2560.1440" width="1348" height="864" />
  </component>
  <component name="WindowManager">
    <frame x="180" y="95" width="1080" height="731" extendedState="6" />
  </component>
  <component name="WindowStateApplicationService">
    <state width="569" height="107" key="ShowUsagesActions.dimensionServiceKey" timestamp="1756401263655">
      <screen x="0" y="25" width="1440" height="875" />
    </state>
    <state width="678" height="341" key="ShowUsagesActions.dimensionServiceKey.ideScale=150" timestamp="1752160398989">
      <screen x="0" y="0" width="2560" height="1440" />
    </state>
    <state width="678" height="341" key="ShowUsagesActions.dimensionServiceKey.ideScale=150/2560.565.1440.875/-1140.-1415.2560.1415/0.0.2560.1440/-2560.25.2560.1415" timestamp="1752160398989" />
    <state width="537" height="227" key="ShowUsagesActions.dimensionServiceKey/-1440.1159.1440.875/-1920.79.1920.1055/2560.25.1920.1055/0.0.2560.1440" timestamp="1755868298097" />
    <state width="745" height="187" key="ShowUsagesActions.dimensionServiceKey/-1440.1159.1440.875/2560.25.1920.1055/-1920.54.1920.1080/0.0.2560.1440" timestamp="1752076767486" />
    <state width="545" height="127" key="ShowUsagesActions.dimensionServiceKey/-1440.1159.1440.875/2560.25.1920.1055/-1920.79.1920.1055/0.0.2560.1440" timestamp="1755707400459" />
    <state width="779" height="127" key="ShowUsagesActions.dimensionServiceKey/-1920.79.1920.1055/-1440.1159.1440.875/0.0.2560.1440/2560.25.1920.1055" timestamp="1755689962178" />
    <state width="683" height="307" key="ShowUsagesActions.dimensionServiceKey/-1920.79.1920.1055/-1440.1159.1440.875/2560.25.1920.1055/0.0.2560.1440" timestamp="1751646016002" />
    <state width="640" height="167" key="ShowUsagesActions.dimensionServiceKey/-2560.25.2560.1415/2560.565.1440.875/-1140.-1415.2560.1415/0.0.2560.1440" timestamp="1754323730082" />
    <state width="725" height="207" key="ShowUsagesActions.dimensionServiceKey/0.0.1440.900" timestamp="1755603432074" />
    <state width="740" height="367" key="ShowUsagesActions.dimensionServiceKey/0.0.1440.900/-2576.-1415.1920.1055/-656.-1415.2560.1415" timestamp="1755080116824" />
    <state width="522" height="127" key="ShowUsagesActions.dimensionServiceKey/0.0.1440.900/4000.25.1920.1055/1440.25.2560.1415" timestamp="1751357015695" />
    <state width="537" height="147" key="ShowUsagesActions.dimensionServiceKey/0.0.2560.1440/-1440.1159.1440.875/2560.25.1920.1055/-1920.79.1920.1055" timestamp="1749726389539" />
    <state width="569" height="107" key="ShowUsagesActions.dimensionServiceKey/0.25.1440.875/-2560.-1159.2560.1440/0.-1055.1920.1055/-4480.-1017.1920.1055" timestamp="1756401263655" />
    <state width="852" height="127" key="ShowUsagesActions.dimensionServiceKey/0.25.1440.875/-2576.-1415.1920.1055/-656.-1440.2560.1440" timestamp="1751359446908" />
    <state width="755" height="693" key="ShowUsagesActions.dimensionServiceKey/2560.565.1440.875/-1140.-1415.2560.1415/0.0.2560.1440/-2560.0.2560.1440" timestamp="1754660537579" />
    <state width="725" height="107" key="ShowUsagesActions.dimensionServiceKey/2560.565.1440.875/-1140.-1415.2560.1415/0.0.2560.1440/-2560.25.2560.1415" timestamp="1756316247227" />
    <state width="623" height="107" key="ShowUsagesActions.dimensionServiceKey/2560.565.1440.875/-1140.-1415.2560.1415/0.25.2560.1415/-2560.0.2560.1440" timestamp="1749629565972" />
    <state width="716" height="287" key="ShowUsagesActions.dimensionServiceKey/2560.565.1440.875/0.0.2560.1440/-2560.0.2560.1440/-1140.-1415.2560.1415" timestamp="1752095668344" />
    <state width="696" height="154" key="ShowUsagesActions.dimensionServiceKey/2560.565.1440.875/0.0.2560.1440/-2560.25.2560.1415/-1140.-1415.2560.1415" timestamp="1753907748983" />
    <state x="1280" y="605" width="800" height="650" key="WELCOME_SCREEN" timestamp="1753887191807">
      <screen x="0" y="25" width="2560" height="1415" />
    </state>
    <state x="1280" y="605" width="800" height="650" key="WELCOME_SCREEN/2560.565.1440.875/0.25.2560.1415/-2560.25.2560.1415/-1140.-1415.2560.1415" timestamp="1753887191807" />
  </component>
</application>