<keymap version="1" name="macOS copy" parent="Mac OS X 10.5+">
  <action id="ChangesView.AddUnversioned">
    <keyboard-shortcut first-keystroke="meta alt a" />
  </action>
  <action id="ChangesView.ShelveSilently">
    <keyboard-shortcut first-keystroke="shift meta h" />
  </action>
  <action id="ChangesView.ToggleCommitUi">
    <keyboard-shortcut first-keystroke="meta k" />
  </action>
  <action id="ChangesView.UnshelveSilently">
    <keyboard-shortcut first-keystroke="meta alt u" />
  </action>
  <action id="CheckinProject">
    <keyboard-shortcut first-keystroke="meta k" />
  </action>
  <action id="Code.Review.Editor.New.Comment">
    <keyboard-shortcut first-keystroke="shift meta x" />
  </action>
  <action id="CommentByLineComment">
    <keyboard-shortcut first-keystroke="meta divide" />
    <keyboard-shortcut first-keystroke="shift meta 7" />
  </action>
  <action id="CompilationChartsZoomInAction">
    <keyboard-shortcut first-keystroke="meta add" />
    <keyboard-shortcut first-keystroke="meta equals" />
  </action>
  <action id="CompilationChartsZoomOutAction">
    <keyboard-shortcut first-keystroke="meta subtract" />
    <keyboard-shortcut first-keystroke="meta minus" />
  </action>
  <action id="CompilationChartsZoomResetAction">
    <keyboard-shortcut first-keystroke="shift meta equals" />
  </action>
  <action id="CompileFile">
    <keyboard-shortcut first-keystroke="shift meta f9" />
  </action>
  <action id="Console.Jdbc.BrowseHistory">
    <keyboard-shortcut first-keystroke="meta alt e" />
  </action>
  <action id="Console.Jdbc.Cancel">
    <keyboard-shortcut first-keystroke="meta f2" />
  </action>
  <action id="Console.Jdbc.Execute">
    <keyboard-shortcut first-keystroke="meta enter" />
  </action>
  <action id="Console.TableResult.AddColumn">
    <keyboard-shortcut first-keystroke="shift meta 8" />
  </action>
  <action id="Console.TableResult.AddRow">
    <keyboard-shortcut first-keystroke="meta n" />
    <keyboard-shortcut first-keystroke="ctrl enter" />
  </action>
  <action id="Console.TableResult.CloneColumn">
    <keyboard-shortcut first-keystroke="shift meta alt d" />
  </action>
  <action id="Console.TableResult.CloneRow">
    <keyboard-shortcut first-keystroke="meta d" />
  </action>
  <action id="Console.TableResult.ColumnSortAsc">
    <keyboard-shortcut first-keystroke="shift alt up" />
  </action>
  <action id="Console.TableResult.ColumnSortDesc">
    <keyboard-shortcut first-keystroke="shift alt down" />
  </action>
  <action id="Console.TableResult.ColumnSortReset">
    <keyboard-shortcut first-keystroke="shift meta alt back_space" />
  </action>
  <action id="Console.TableResult.ColumnsList">
    <keyboard-shortcut first-keystroke="meta f12" />
  </action>
  <action id="Console.TableResult.CompareCells">
    <keyboard-shortcut first-keystroke="shift meta d" />
  </action>
  <action id="Console.TableResult.Copy">
    <keyboard-shortcut first-keystroke="meta c" />
    <keyboard-shortcut first-keystroke="meta insert" />
  </action>
  <action id="Console.TableResult.CopyAggregatorResult">
    <keyboard-shortcut first-keystroke="shift meta c" />
  </action>
  <action id="Console.TableResult.DeleteColumns">
    <keyboard-shortcut first-keystroke="shift alt delete" />
  </action>
  <action id="Console.TableResult.DeleteRows">
    <keyboard-shortcut first-keystroke="meta back_space" />
  </action>
  <action id="Console.TableResult.EditFilterCriteria">
    <keyboard-shortcut first-keystroke="shift meta alt f" />
  </action>
  <action id="Console.TableResult.EditValue">
    <keyboard-shortcut first-keystroke="alt enter" />
    <keyboard-shortcut first-keystroke="f2" />
  </action>
  <action id="Console.TableResult.EditValueMaximized">
    <keyboard-shortcut first-keystroke="shift enter" />
    <keyboard-shortcut first-keystroke="shift alt enter" />
  </action>
  <action id="Console.TableResult.FindInGrid">
    <keyboard-shortcut first-keystroke="meta f" />
  </action>
  <action id="Console.TableResult.GotoReferencedResult">
    <keyboard-shortcut first-keystroke="alt enter" />
    <keyboard-shortcut first-keystroke="f2" />
  </action>
  <action id="Console.TableResult.GotoReferencingResult">
    <keyboard-shortcut first-keystroke="meta b" />
  </action>
  <action id="Console.TableResult.HideEditMaximized">
    <keyboard-shortcut first-keystroke="shift escape" />
  </action>
  <action id="Console.TableResult.MaximizeEditingCell">
    <keyboard-shortcut first-keystroke="shift meta alt m" />
  </action>
  <action id="Console.TableResult.NavigateAction">
    <keyboard-shortcut first-keystroke="meta down" />
    <keyboard-shortcut first-keystroke="f4" />
  </action>
  <action id="Console.TableResult.NextPage">
    <keyboard-shortcut first-keystroke="meta alt down" />
  </action>
  <action id="Console.TableResult.OpenLocalFileAction">
    <keyboard-shortcut first-keystroke="meta down" />
    <keyboard-shortcut first-keystroke="f4" />
  </action>
  <action id="Console.TableResult.OpenWebUrlAction">
    <keyboard-shortcut first-keystroke="meta down" />
    <keyboard-shortcut first-keystroke="f4" />
  </action>
  <action id="Console.TableResult.PreviousPage">
    <keyboard-shortcut first-keystroke="meta alt up" />
  </action>
  <action id="Console.TableResult.Reload">
    <keyboard-shortcut first-keystroke="meta r" />
  </action>
  <action id="Console.TableResult.RevertSelected">
    <keyboard-shortcut first-keystroke="meta alt z" />
  </action>
  <action id="Console.TableResult.SelectRow">
    <keyboard-shortcut first-keystroke="shift space" />
  </action>
  <action id="Console.TableResult.SetDefault">
    <keyboard-shortcut first-keystroke="meta alt d" />
  </action>
  <action id="Console.TableResult.SetNull">
    <keyboard-shortcut first-keystroke="meta alt n" />
  </action>
  <action id="Console.TableResult.ShowRecordView">
    <keyboard-shortcut first-keystroke="shift meta enter" />
  </action>
  <action id="Console.TableResult.Submit">
    <keyboard-shortcut first-keystroke="meta enter" />
  </action>
  <action id="Console.TableResult.SubmitAndCommit">
    <keyboard-shortcut first-keystroke="shift meta alt enter" />
  </action>
  <action id="Console.Transaction.Commit">
    <keyboard-shortcut first-keystroke="shift meta alt enter" />
  </action>
  <action id="ConvertJavaToKotlin">
    <keyboard-shortcut first-keystroke="shift meta alt k" />
  </action>
  <action id="CopyNotebookPathAction">
    <keyboard-shortcut first-keystroke="shift meta c" />
  </action>
  <action id="CypressOpen">
    <keyboard-shortcut first-keystroke="ctrl meta close_bracket" />
  </action>
  <action id="DSM.GoToNextCycle">
    <keyboard-shortcut first-keystroke="f2" />
  </action>
  <action id="DSM.OpenInEditor">
    <keyboard-shortcut first-keystroke="meta down" />
    <keyboard-shortcut first-keystroke="f4" />
  </action>
  <action id="DSM.ZoomIn">
    <keyboard-shortcut first-keystroke="meta add" />
    <keyboard-shortcut first-keystroke="meta equals" />
  </action>
  <action id="DSM.ZoomOut">
    <keyboard-shortcut first-keystroke="meta subtract" />
    <keyboard-shortcut first-keystroke="meta minus" />
  </action>
  <action id="DatabaseView.CopyAction">
    <keyboard-shortcut first-keystroke="meta d" />
  </action>
  <action id="DatabaseView.CopyDdlAction">
    <keyboard-shortcut first-keystroke="shift meta alt g" />
    <keyboard-shortcut first-keystroke="shift meta c" />
  </action>
  <action id="DatabaseView.CopyTable">
    <keyboard-shortcut first-keystroke="f5" />
  </action>
  <action id="DatabaseView.DataSourceCopyAction">
    <keyboard-shortcut first-keystroke="meta c" />
    <keyboard-shortcut first-keystroke="meta insert" />
  </action>
  <action id="DatabaseView.DataSourceCutAction">
    <keyboard-shortcut first-keystroke="meta x" />
    <keyboard-shortcut first-keystroke="shift delete" />
  </action>
  <action id="DatabaseView.DataSourcePasteAction">
    <keyboard-shortcut first-keystroke="meta v" />
    <keyboard-shortcut first-keystroke="shift insert" />
  </action>
  <action id="DatabaseView.Ddl.AlterObject">
    <keyboard-shortcut first-keystroke="meta f6" />
  </action>
  <action id="DatabaseView.DeactivateAction">
    <keyboard-shortcut first-keystroke="meta f2" />
  </action>
  <action id="DatabaseView.DropAction">
    <keyboard-shortcut first-keystroke="delete" />
  </action>
  <action id="DatabaseView.ForceRefresh">
    <keyboard-shortcut first-keystroke="shift meta alt r" />
  </action>
  <action id="DatabaseView.FullTextSearch">
    <keyboard-shortcut first-keystroke="shift meta alt f" />
  </action>
  <action id="DatabaseView.MoveToGroup">
    <keyboard-shortcut first-keystroke="f6" />
  </action>
  <action id="DatabaseView.OpenDdlInConsole">
    <keyboard-shortcut first-keystroke="shift meta alt b" />
  </action>
  <action id="DatabaseView.OpenFamilyAction">
    <keyboard-shortcut first-keystroke="meta down" />
    <keyboard-shortcut first-keystroke="f4" />
  </action>
  <action id="DatabaseView.PropertiesAction">
    <keyboard-shortcut first-keystroke="meta i" />
  </action>
  <action id="DatabaseView.Refresh">
    <keyboard-shortcut first-keystroke="meta r" />
  </action>
  <action id="DatabaseView.ShowDiff">
    <keyboard-shortcut first-keystroke="meta d" />
  </action>
  <action id="DatabaseView.SqlGenerator">
    <keyboard-shortcut first-keystroke="meta alt g" />
  </action>
  <action id="DatabaseView.Tools">
    <keyboard-shortcut first-keystroke="alt enter" />
  </action>
  <action id="DatabaseView.Tools.RevertChanges">
    <keyboard-shortcut first-keystroke="meta alt z" />
  </action>
  <action id="DatabaseView.Tools.SubmitChanges">
    <keyboard-shortcut first-keystroke="meta k" />
  </action>
  <action id="Debugger.EditArrayFilter">
    <keyboard-shortcut first-keystroke="f2" />
  </action>
  <action id="Debugger.EditCustomField">
    <keyboard-shortcut first-keystroke="f2" />
  </action>
  <action id="Debugger.EditFrameSource">
    <keyboard-shortcut first-keystroke="meta down" />
    <keyboard-shortcut first-keystroke="f4" />
  </action>
  <action id="Debugger.RemoveArrayFilter">
    <keyboard-shortcut first-keystroke="delete" />
    <keyboard-shortcut first-keystroke="back_space" />
    <keyboard-shortcut first-keystroke="meta back_space" />
  </action>
  <action id="Debugger.RemoveCustomField">
    <keyboard-shortcut first-keystroke="delete" />
    <keyboard-shortcut first-keystroke="back_space" />
    <keyboard-shortcut first-keystroke="meta back_space" />
  </action>
  <action id="DecreaseColumnWidth">
    <keyboard-shortcut first-keystroke="ctrl alt left" />
  </action>
  <action id="DeleteOrmUnit">
    <keyboard-shortcut first-keystroke="delete" />
    <keyboard-shortcut first-keystroke="back_space" />
    <keyboard-shortcut first-keystroke="meta back_space" />
  </action>
  <action id="Diagram.DeleteSelection">
    <keyboard-shortcut first-keystroke="delete" />
    <keyboard-shortcut first-keystroke="back_space" />
    <keyboard-shortcut first-keystroke="meta back_space" />
  </action>
  <action id="Diagram.DeselectAll">
    <keyboard-shortcut first-keystroke="meta alt a" />
  </action>
  <action id="Diagram.SelectAll">
    <keyboard-shortcut first-keystroke="meta a" />
  </action>
  <action id="Docker.RemoteServers.ConnectServer">
    <keyboard-shortcut first-keystroke="meta enter" />
  </action>
  <action id="Docker.RemoteServers.EditServerConfig">
    <keyboard-shortcut first-keystroke="shift f4" />
  </action>
  <action id="Docker.RemoteServers.StartAllComposeApp">
    <keyboard-shortcut first-keystroke="meta enter" />
  </action>
  <action id="Docker.RemoteServers.StartComposeService">
    <keyboard-shortcut first-keystroke="meta enter" />
  </action>
  <action id="Docker.RemoteServers.StartContainer">
    <keyboard-shortcut first-keystroke="meta enter" />
  </action>
  <action id="Docker.RemoteServers.StopComposeApp">
    <keyboard-shortcut first-keystroke="meta f2" />
  </action>
  <action id="Docker.RemoteServers.StopComposeService">
    <keyboard-shortcut first-keystroke="meta f2" />
  </action>
  <action id="Docker.RemoteServers.StopContainer">
    <keyboard-shortcut first-keystroke="meta f2" />
  </action>
  <action id="Docker.RemoteServers.StopDeploy">
    <keyboard-shortcut first-keystroke="meta f2" />
  </action>
  <action id="DomCollectionControl.Add">
    <keyboard-shortcut first-keystroke="insert" />
  </action>
  <action id="DomCollectionControl.Edit">
    <keyboard-shortcut first-keystroke="meta down" />
    <keyboard-shortcut first-keystroke="f4" />
  </action>
  <action id="DomCollectionControl.Remove">
    <keyboard-shortcut first-keystroke="delete" />
    <keyboard-shortcut first-keystroke="back_space" />
    <keyboard-shortcut first-keystroke="meta back_space" />
  </action>
  <action id="DownloadBackendFileToClient">
    <keyboard-shortcut first-keystroke="shift meta d" />
  </action>
  <action id="DumpMLCompletionFeatures">
    <keyboard-shortcut first-keystroke="shift meta alt 9" />
  </action>
  <action id="EditPropertyValue">
    <keyboard-shortcut first-keystroke="alt f6" />
  </action>
  <action id="EmmetNextEditPoint">
    <keyboard-shortcut first-keystroke="ctrl alt right" />
  </action>
  <action id="EmmetPreviousEditPoint">
    <keyboard-shortcut first-keystroke="ctrl alt left" />
  </action>
  <action id="ExtractFunction">
    <keyboard-shortcut first-keystroke="meta alt m" />
  </action>
  <action id="ExtractFunctionToScope">
    <keyboard-shortcut first-keystroke="shift meta alt m" />
  </action>
  <action id="Generate.Missing.Members.ES6">
    <keyboard-shortcut first-keystroke="ctrl i" />
  </action>
  <action id="Generate.Missing.Members.TypeScript">
    <keyboard-shortcut first-keystroke="ctrl i" />
  </action>
  <action id="Git.Add">
    <keyboard-shortcut first-keystroke="meta alt a" />
  </action>
  <action id="Git.Commit.And.Push.Executor">
    <keyboard-shortcut first-keystroke="meta alt k" />
  </action>
  <action id="Git.Commit.Stage">
    <keyboard-shortcut first-keystroke="meta k" />
  </action>
  <action id="Git.CreateNewBranch.FromCommit">
    <keyboard-shortcut first-keystroke="meta alt n" />
  </action>
  <action id="Git.Log.Branches.Navigate.Log.To.Selected.Branch">
    <keyboard-shortcut first-keystroke="alt f1" />
  </action>
  <action id="Git.Stage.Add">
    <keyboard-shortcut first-keystroke="meta alt a" />
  </action>
  <action id="Git.Stage.Reset">
    <keyboard-shortcut first-keystroke="meta alt z" />
  </action>
  <action id="Git.Stage.Revert">
    <keyboard-shortcut first-keystroke="meta alt z" />
  </action>
  <action id="Git.Stash.Drop">
    <keyboard-shortcut first-keystroke="delete" />
    <keyboard-shortcut first-keystroke="back_space" />
    <keyboard-shortcut first-keystroke="meta back_space" />
  </action>
  <action id="GitLab.Merge.Request.List.Refresh">
    <keyboard-shortcut first-keystroke="meta r" />
  </action>
  <action id="GitLab.Merge.Request.Refresh">
    <keyboard-shortcut first-keystroke="meta r" />
  </action>
  <action id="Github.PullRequest.Details.Reload">
    <keyboard-shortcut first-keystroke="meta r" />
  </action>
  <action id="Github.PullRequest.List.Reload">
    <keyboard-shortcut first-keystroke="meta r" />
  </action>
  <action id="Github.PullRequest.Timeline.Update">
    <keyboard-shortcut first-keystroke="meta r" />
  </action>
  <action id="GotoRow">
    <keyboard-shortcut first-keystroke="meta l" />
  </action>
  <action id="Graph.ApplyCurrentLayout">
    <keyboard-shortcut first-keystroke="shift f5" />
  </action>
  <action id="Graph.Delete">
    <keyboard-shortcut first-keystroke="delete" />
    <keyboard-shortcut first-keystroke="back_space" />
    <keyboard-shortcut first-keystroke="meta back_space" />
  </action>
  <action id="Graph.RouteEdges">
    <keyboard-shortcut first-keystroke="f5" />
  </action>
  <action id="Graph.ZoomIn">
    <keyboard-shortcut first-keystroke="add" />
  </action>
  <action id="Graph.ZoomOut">
    <keyboard-shortcut first-keystroke="subtract" />
  </action>
  <action id="HTTPClient.PreviewHtml.NavigateBack">
    <keyboard-shortcut first-keystroke="left" />
    <keyboard-shortcut first-keystroke="ctrl b" />
  </action>
  <action id="HTTPClient.PreviewHtml.NavigateForward">
    <keyboard-shortcut first-keystroke="right" />
    <keyboard-shortcut first-keystroke="ctrl f" />
  </action>
  <action id="Hg.Commit.And.Push.Executor">
    <keyboard-shortcut first-keystroke="meta alt k" />
  </action>
  <action id="IncreaseColumnWidth">
    <keyboard-shortcut first-keystroke="ctrl alt right" />
  </action>
  <action id="IntroduceFunctionalParameter">
    <keyboard-shortcut first-keystroke="shift meta alt p" />
  </action>
  <action id="IntroduceProperty">
    <keyboard-shortcut first-keystroke="meta alt f" />
  </action>
  <action id="JavaScript.ShowComponentUsages">
    <keyboard-shortcut first-keystroke="shift meta d" />
  </action>
  <action id="Jdbc.OpenConsole.Any">
    <keyboard-shortcut first-keystroke="shift meta f10" />
  </action>
  <action id="Jdbc.OpenConsole.New">
    <keyboard-shortcut first-keystroke="shift meta l" />
  </action>
  <action id="Jdbc.OpenConsole.New.Generate">
    <keyboard-shortcut first-keystroke="shift meta l" />
  </action>
  <action id="Jdbc.OpenEditor.Console">
    <keyboard-shortcut first-keystroke="meta down" />
    <keyboard-shortcut first-keystroke="f4" />
  </action>
  <action id="Jdbc.OpenEditor.DDL">
    <keyboard-shortcut first-keystroke="meta b" />
  </action>
  <action id="Jdbc.OpenEditor.Data">
    <keyboard-shortcut first-keystroke="meta down" />
    <keyboard-shortcut first-keystroke="f4" />
  </action>
  <action id="Jdbc.OpenEditor.Grid.DDL">
    <keyboard-shortcut first-keystroke="ctrl meta up" />
  </action>
  <action id="Jpa.OpenConsole">
    <keyboard-shortcut first-keystroke="shift meta f10" />
  </action>
  <action id="JsonPathExportEvaluateResultAction">
    <keyboard-shortcut first-keystroke="ctrl o" />
  </action>
  <action id="JupyterExpandSelectionToCellAboveCommandModeAction">
    <keyboard-shortcut first-keystroke="shift up" />
    <keyboard-shortcut first-keystroke="shift left" />
  </action>
  <action id="JupyterExpandSelectionToCellBelowCommandModeAction">
    <keyboard-shortcut first-keystroke="shift down" />
    <keyboard-shortcut first-keystroke="shift right" />
  </action>
  <action id="JupyterNotebookCopyCellCommandModeAction">
    <keyboard-shortcut first-keystroke="meta c" />
  </action>
  <action id="JupyterNotebookCutCellCommandModeAction">
    <keyboard-shortcut first-keystroke="meta x" />
  </action>
  <action id="JupyterNotebookDeleteCellCommandModeAction">
    <keyboard-shortcut first-keystroke="delete" />
  </action>
  <action id="JupyterNotebookMoveCellDownCommandModeAction">
    <keyboard-shortcut first-keystroke="alt down" />
    <keyboard-shortcut first-keystroke="alt j" />
  </action>
  <action id="JupyterNotebookMoveCellUpCommandModeAction">
    <keyboard-shortcut first-keystroke="alt up" />
    <keyboard-shortcut first-keystroke="alt k" />
  </action>
  <action id="JupyterNotebookPasteCellAboveCommandModeAction">
    <keyboard-shortcut first-keystroke="shift meta v" />
  </action>
  <action id="JupyterNotebookPasteCellCommandModeAction">
    <keyboard-shortcut first-keystroke="meta v" />
  </action>
  <action id="JupyterNotebookRunCellInsertBelowCommandModeAction">
    <keyboard-shortcut first-keystroke="alt enter" />
  </action>
  <action id="Kotlin.RunScratch">
    <keyboard-shortcut first-keystroke="meta alt w" />
  </action>
  <action id="Kubernetes.RefreshModel">
    <keyboard-shortcut first-keystroke="meta r" />
  </action>
  <action id="Maven.CollapseAll">
    <keyboard-shortcut first-keystroke="meta subtract" />
    <keyboard-shortcut first-keystroke="meta minus" />
  </action>
  <action id="Maven.ExpandAll">
    <keyboard-shortcut first-keystroke="meta add" />
    <keyboard-shortcut first-keystroke="meta equals" />
  </action>
  <action id="Maven.Uml.Exclude">
    <keyboard-shortcut first-keystroke="shift delete" />
  </action>
  <action id="MethodHierarchy.ImplementMethodAction">
    <keyboard-shortcut first-keystroke="ctrl i" />
  </action>
  <action id="MethodHierarchy.OverrideMethodAction">
    <keyboard-shortcut first-keystroke="ctrl o" />
  </action>
  <action id="NotebookOutputSelectAllAction">
    <keyboard-shortcut first-keystroke="meta a" />
  </action>
  <action id="NotebookRunAllAction">
    <keyboard-shortcut first-keystroke="shift ctrl alt enter" />
  </action>
  <action id="NotebookRunCellAction">
    <keyboard-shortcut first-keystroke="ctrl enter" />
  </action>
  <action id="NotebookSplitCellAction">
    <keyboard-shortcut first-keystroke="shift meta minus" />
  </action>
  <action id="OasEndpointsSidePanelSaveAction">
    <keyboard-shortcut first-keystroke="ctrl o" />
  </action>
  <action id="OpenModuleSettings">
    <keyboard-shortcut first-keystroke="meta down" />
    <keyboard-shortcut first-keystroke="f4" />
  </action>
  <action id="PCFindUsagesAction">
    <keyboard-shortcut first-keystroke="alt f7" />
  </action>
  <action id="PCNavigateToSource">
    <keyboard-shortcut first-keystroke="meta down" />
    <keyboard-shortcut first-keystroke="f4" />
  </action>
  <action id="PackageFile">
    <keyboard-shortcut first-keystroke="shift meta f9" />
  </action>
  <action id="PerforceDirect.Edit">
    <keyboard-shortcut first-keystroke="meta alt e" />
  </action>
  <action id="PublishGroup.UploadTo">
    <keyboard-shortcut first-keystroke="shift meta alt x" />
  </action>
  <action id="RecentChanges">
    <keyboard-shortcut first-keystroke="shift alt c" />
  </action>
  <action id="ReformatWithPrettierAction">
    <keyboard-shortcut first-keystroke="shift meta alt p" />
  </action>
  <action id="RemoteHostView.CopyPaths">
    <keyboard-shortcut first-keystroke="shift meta c" />
  </action>
  <action id="RemoteHostView.EditSource">
    <keyboard-shortcut first-keystroke="meta down" />
    <keyboard-shortcut first-keystroke="f4" />
  </action>
  <action id="RemoteHostView.Rename">
    <keyboard-shortcut first-keystroke="shift f6" />
  </action>
  <action id="RemoteServers.EditServerConfig">
    <keyboard-shortcut first-keystroke="shift f4" />
  </action>
  <action id="RemoveNotebookFromListAction">
    <keyboard-shortcut first-keystroke="delete" />
    <keyboard-shortcut first-keystroke="back_space" />
    <keyboard-shortcut first-keystroke="meta back_space" />
  </action>
  <action id="ResetColumnsWidth">
    <keyboard-shortcut first-keystroke="ctrl alt up" />
  </action>
  <action id="RunJsbtTask">
    <keyboard-shortcut first-keystroke="alt f11" />
  </action>
  <action id="Session.Rename">
    <keyboard-shortcut first-keystroke="shift f6" />
  </action>
  <action id="ShowRecentTests">
    <keyboard-shortcut first-keystroke="shift meta semicolon" />
  </action>
  <action id="ShowUmlDiagram">
    <keyboard-shortcut first-keystroke="shift meta alt u" />
  </action>
  <action id="ShowUmlDiagramPopup">
    <keyboard-shortcut first-keystroke="meta alt u" />
  </action>
  <action id="Sql.EditParameter">
    <keyboard-shortcut first-keystroke="meta down" />
    <keyboard-shortcut first-keystroke="f4" />
  </action>
  <action id="Svn.RefreshWorkingCopies">
    <keyboard-shortcut first-keystroke="meta r" />
  </action>
  <action id="TableResult.GrowSelection">
    <keyboard-shortcut first-keystroke="alt up" />
  </action>
  <action id="TableResult.SelectAllOccurrences">
    <keyboard-shortcut first-keystroke="ctrl meta g" />
  </action>
  <action id="TableResult.SelectColumn">
    <keyboard-shortcut first-keystroke="alt up" />
  </action>
  <action id="TableResult.SelectNextOccurrence">
    <keyboard-shortcut first-keystroke="ctrl g" />
  </action>
  <action id="TableResult.ShrinkSelection">
    <keyboard-shortcut first-keystroke="alt down" />
  </action>
  <action id="TableResult.UnselectPreviousOccurrence">
    <keyboard-shortcut first-keystroke="shift ctrl g" />
  </action>
  <action id="UML.Find">
    <keyboard-shortcut first-keystroke="meta f" />
  </action>
  <action id="UML.ShowChanges">
    <keyboard-shortcut first-keystroke="shift meta alt d" />
  </action>
  <action id="UML.ShowStructure">
    <keyboard-shortcut first-keystroke="meta f12" />
  </action>
  <action id="Uml.NewElement">
    <keyboard-shortcut first-keystroke="meta n" />
    <keyboard-shortcut first-keystroke="ctrl enter" />
  </action>
  <action id="Uml.NodeIntentions">
    <keyboard-shortcut first-keystroke="alt enter" />
  </action>
  <action id="Uml.ShowDiff">
    <keyboard-shortcut first-keystroke="shift meta d" />
  </action>
  <action id="Vcs.CombinedDiff.CaretToNextBlock">
    <keyboard-shortcut first-keystroke="down" />
    <keyboard-shortcut first-keystroke="ctrl n" />
  </action>
  <action id="Vcs.CombinedDiff.CaretToPrevBlock">
    <keyboard-shortcut first-keystroke="up" />
    <keyboard-shortcut first-keystroke="ctrl p" />
  </action>
  <action id="Vcs.CombinedDiff.ToggleCollapseBlock">
    <keyboard-shortcut first-keystroke="meta escape" />
  </action>
  <action id="Vcs.CopyRevisionNumberAction">
    <keyboard-shortcut first-keystroke="shift meta alt c" />
  </action>
  <action id="Vcs.EditSource">
    <keyboard-shortcut first-keystroke="meta down" />
    <keyboard-shortcut first-keystroke="f4" />
  </action>
  <action id="Vcs.Log.FocusTextFilter">
    <keyboard-shortcut first-keystroke="meta l" />
  </action>
  <action id="Vcs.Log.GoToChild">
    <keyboard-shortcut first-keystroke="left" />
  </action>
  <action id="Vcs.Log.GoToParent">
    <keyboard-shortcut first-keystroke="right" />
  </action>
  <action id="Vcs.Log.GoToRef">
    <keyboard-shortcut first-keystroke="meta f" />
  </action>
  <action id="Vcs.Log.Refresh">
    <keyboard-shortcut first-keystroke="meta r" />
  </action>
  <action id="Vcs.Log.ShowAllAffected">
    <keyboard-shortcut first-keystroke="ctrl meta a" />
  </action>
  <action id="Vcs.Log.ShowTooltip">
    <keyboard-shortcut first-keystroke="f1" />
    <keyboard-shortcut first-keystroke="ctrl j" />
  </action>
  <action id="Vcs.Push">
    <keyboard-shortcut first-keystroke="shift meta k" />
  </action>
  <action id="Vcs.ReformatCommitMessage">
    <keyboard-shortcut first-keystroke="meta alt l" />
  </action>
  <action id="Vcs.RefreshFileHistory">
    <keyboard-shortcut first-keystroke="meta r" />
  </action>
  <action id="Vcs.Shelf.Drop">
    <keyboard-shortcut first-keystroke="delete" />
    <keyboard-shortcut first-keystroke="back_space" />
    <keyboard-shortcut first-keystroke="meta back_space" />
  </action>
  <action id="Vcs.UpdateProject">
    <keyboard-shortcut first-keystroke="meta t" />
  </action>
  <action id="WD.UploadCurrentRemoteFileAction">
    <keyboard-shortcut first-keystroke="shift alt q" />
  </action>
  <action id="WebOpenInAction">
    <keyboard-shortcut first-keystroke="alt f2" />
  </action>
  <action id="XPathView.Actions.Evaluate">
    <keyboard-shortcut first-keystroke="meta alt x" second-keystroke="e" />
  </action>
  <action id="XPathView.Actions.FindByExpression">
    <keyboard-shortcut first-keystroke="meta alt x" second-keystroke="f" />
  </action>
  <action id="XPathView.Actions.ShowPath">
    <keyboard-shortcut first-keystroke="meta alt x" second-keystroke="p" />
  </action>
  <action id="android.deploy.ApplyChanges">
    <keyboard-shortcut first-keystroke="ctrl meta e" />
  </action>
  <action id="android.deploy.CodeSwap">
    <keyboard-shortcut first-keystroke="shift ctrl meta e" />
  </action>
  <action id="com.github.lipiridi.spotless.applier.actions.ReformatFileAction">
    <keyboard-shortcut first-keystroke="meta alt semicolon" />
  </action>
  <action id="com.github.lipiridi.spotless.applier.actions.ReformatProjectAction">
    <keyboard-shortcut first-keystroke="shift meta alt semicolon" />
  </action>
  <action id="context.clear">
    <keyboard-shortcut first-keystroke="shift alt x" />
  </action>
  <action id="hg4idea.QFold">
    <keyboard-shortcut first-keystroke="shift alt d" />
  </action>
  <action id="hg4idea.QGotoFromPatches">
    <keyboard-shortcut first-keystroke="shift alt g" />
  </action>
  <action id="hg4idea.QPushAction">
    <keyboard-shortcut first-keystroke="shift alt p" />
  </action>
  <action id="hg4idea.add">
    <keyboard-shortcut first-keystroke="meta alt a" />
  </action>
  <action id="io.kotest.actions.NextTestAction">
    <keyboard-shortcut first-keystroke="alt n" />
  </action>
  <action id="io.kotest.actions.PreviousTestAction">
    <keyboard-shortcut first-keystroke="alt p" />
  </action>
  <action id="org.intellij.plugins.markdown.ui.actions.styling.InsertImageAction">
    <keyboard-shortcut first-keystroke="meta u" />
  </action>
  <action id="refactoring.extract.dependency">
    <keyboard-shortcut first-keystroke="meta alt m" />
  </action>
  <action id="refactoring.introduce.property">
    <keyboard-shortcut first-keystroke="meta alt v" />
  </action>
  <action id="runShellFileAction">
    <keyboard-shortcut first-keystroke="shift ctrl r" />
  </action>
  <action id="sql.ExtractFunctionAction">
    <keyboard-shortcut first-keystroke="meta alt m" />
  </action>
  <action id="sql.SelectInDatabaseView">
    <keyboard-shortcut first-keystroke="shift alt b" />
  </action>
  <action id="tasks.close">
    <keyboard-shortcut first-keystroke="shift alt w" />
  </action>
  <action id="tasks.goto">
    <keyboard-shortcut first-keystroke="shift alt n" />
  </action>
  <action id="tasks.open.in.browser">
    <keyboard-shortcut first-keystroke="shift alt b" />
  </action>
  <action id="tasks.switch">
    <keyboard-shortcut first-keystroke="shift alt t" />
  </action>
</keymap>